http://84.17.47.150:9002,ZZ,Unknown
http://84.17.47.149:9002,ZZ,Unknown
http://84.17.47.148:9002,ZZ,Unknown
http://84.17.47.147:9002,ZZ,Unknown
http://84.17.47.146:9002,ZZ,Unknown
http://84.17.47.126:9002,ZZ,Unknown
http://84.17.47.125:9002,ZZ,Unknown
http://84.17.47.124:9002,ZZ,Unknown
http://141.147.9.254:443,DE,Unknown
http://193.176.84.16:9002,RO,Unknown
http://193.176.84.19:9002,RO,Unknown
http://193.176.84.20:9002,RO,Unknown
http://193.176.84.21:9002,RO,Unknown
http://193.176.84.22:9002,RO,Unknown
http://193.176.84.23:9002,RO,Unknown
http://65.108.150.56:8443,FI,Unknown
http://185.236.200.34:9443,US,Unknown
http://68.183.143.134:443,US,Unknown
http://194.67.91.153:443,RU,Unknown
http://129.151.160.199:443,ZA,Unknown
http://197.243.20.178:443,RW,Unknown
http://74.103.66.15:443,US,Unknown
http://31.28.4.192:443,RU,Unknown
http://167.99.124.118:443,US,Unknown
http://4.188.236.47:443,IN,Unknown
http://78.28.152.111:443,BA,Unknown
http://196.223.129.21:443,ZA,Unknown
http://34.122.187.196:443,US,Unknown
http://103.37.111.253:10086,JP,Unknown
http://78.28.152.113:443,BA,Unknown
http://206.81.26.113:443,DE,Unknown
http://23.88.59.163:443,DE,Unknown
http://51.38.191.151:443,FR,Unknown
http://154.65.39.7:443,SN,Unknown
http://204.48.31.203:443,US,Unknown
http://154.65.39.8:443,SN,Unknown
http://103.37.111.253:10089,JP,Unknown
http://207.178.166.187:443,US,Unknown
http://103.179.190.121:443,VN,Unknown
http://116.203.117.22:443,DE,Unknown
http://65.108.104.111:443,FI,Unknown
http://184.168.123.21:443,SG,Unknown
http://128.199.207.200:443,SG,Unknown
http://144.91.90.109:443,FR,Unknown
http://45.114.142.178:443,IN,Unknown
http://34.68.168.129:443,US,Unknown
http://195.114.209.50:443,ES,Unknown
http://138.199.35.215:9002,US,Unknown
http://138.199.35.214:9002,US,Unknown
http://138.199.35.213:9002,US,Unknown
http://138.199.35.212:9002,US,Unknown
http://138.199.35.208:9002,US,Unknown
http://138.199.35.205:9002,US,Unknown
http://138.199.35.204:9002,US,Unknown
http://138.199.35.203:9002,US,Unknown
http://138.199.35.201:9002,US,Unknown
http://138.199.35.200:9002,US,Unknown
http://138.199.35.198:9002,US,Unknown
http://138.199.35.197:9002,US,Unknown
http://138.199.35.196:9002,US,Unknown
http://138.199.35.195:9002,US,Unknown
http://45.92.108.112:443,CH,Unknown
http://193.176.84.24:9002,RO,Unknown
http://193.176.84.32:9002,RO,Unknown
http://193.176.84.34:9002,RO,Unknown
http://193.176.84.35:9002,RO,Unknown
http://193.176.84.37:9002,RO,Unknown
http://193.176.84.39:9002,RO,Unknown
http://193.176.84.40:9002,RO,Unknown
http://89.117.55.119:443,FR,Unknown
http://193.176.84.9:9002,RO,Unknown
http://193.176.84.10:9002,RO,Unknown
http://193.176.84.11:9002,RO,Unknown
http://193.176.84.12:9002,RO,Unknown
http://138.199.35.199:9002,US,Unknown
http://138.199.35.217:9002,US,Unknown
http://167.71.166.28:8443,US,Unknown
http://57.129.1.214:443,DE,Unknown
http://156.146.59.28:9002,US,Unknown
http://156.146.59.29:9002,US,Unknown
http://156.146.59.50:9002,US,Unknown
http://217.69.241.186:443,DE,Unknown
http://162.243.95.8:443,US,Unknown
http://149.57.28.9:9443,CA,Unknown
http://149.57.28.10:9443,CA,Unknown
http://116.203.49.36:443,DE,Unknown
http://80.151.202.204:443,DE,Unknown
http://84.239.49.164:9002,RO,Unknown
http://156.146.59.8:9002,US,Unknown
http://156.146.59.13:9002,US,Unknown
http://156.146.59.2:9002,US,Unknown
http://156.146.59.3:9002,US,Unknown
http://156.146.59.4:9002,US,Unknown
http://156.146.59.5:9002,US,Unknown
http://156.146.59.6:9002,US,Unknown
http://156.146.59.7:9002,US,Unknown
http://156.146.59.9:9002,US,Unknown
http://156.146.59.10:9002,US,Unknown
http://84.239.49.37:9002,RO,Unknown
http://84.239.49.38:9002,RO,Unknown
http://84.239.49.39:9002,RO,Unknown
http://156.146.59.11:9002,US,Unknown
http://84.239.49.40:9002,RO,Unknown
http://84.239.49.41:9002,RO,Unknown
http://84.239.49.43:9002,RO,Unknown
http://84.239.49.44:9002,RO,Unknown
http://84.239.49.45:9002,RO,Unknown
http://84.239.49.46:9002,RO,Unknown
http://84.239.49.47:9002,RO,Unknown
http://84.239.49.48:9002,RO,Unknown
http://84.239.49.49:9002,RO,Unknown
http://84.239.49.50:9002,RO,Unknown
http://156.146.59.12:9002,US,Unknown
http://84.239.49.51:9002,RO,Unknown
http://156.146.59.14:9002,US,Unknown
http://156.146.59.15:9002,US,Unknown
http://156.146.59.16:9002,US,Unknown
http://156.146.59.17:9002,US,Unknown
http://156.146.59.18:9002,US,Unknown
http://156.146.59.19:9002,US,Unknown
http://156.146.59.20:9002,US,Unknown
http://84.239.49.157:9002,RO,Unknown
http://84.239.49.161:9002,RO,Unknown
http://84.239.49.169:9002,RO,Unknown
http://84.239.49.200:9002,RO,Unknown
http://84.239.49.204:9002,RO,Unknown
http://84.239.49.209:9002,RO,Unknown
http://84.239.49.218:9002,RO,Unknown
http://84.239.49.220:9002,RO,Unknown
http://84.239.49.229:9002,RO,Unknown
http://84.239.49.231:9002,RO,Unknown
http://84.239.49.244:9002,RO,Unknown
http://84.239.49.246:9002,RO,Unknown
http://84.239.49.247:9002,RO,Unknown
http://84.239.49.248:9002,RO,Unknown
http://84.239.49.249:9002,RO,Unknown
http://84.239.49.250:9002,RO,Unknown
http://84.239.49.251:9002,RO,Unknown
http://84.239.49.253:9002,RO,Unknown
http://84.239.49.254:9002,RO,Unknown
http://84.239.14.176:9002,RO,Unknown
http://84.239.14.160:9002,RO,Unknown
http://84.239.14.146:9002,RO,Unknown
http://84.239.14.147:9002,RO,Unknown
http://84.239.14.148:9002,RO,Unknown
http://84.239.14.149:9002,RO,Unknown
http://84.239.14.150:9002,RO,Unknown
http://84.239.14.151:9002,RO,Unknown
http://84.239.14.152:9002,RO,Unknown
http://84.239.14.153:9002,RO,Unknown
http://84.239.14.154:9002,RO,Unknown
http://84.239.14.155:9002,RO,Unknown
http://84.239.14.156:9002,RO,Unknown
http://84.239.14.157:9002,RO,Unknown
http://84.239.14.158:9002,RO,Unknown
http://84.239.14.159:9002,RO,Unknown
http://84.239.14.162:9002,RO,Unknown
http://84.239.14.163:9002,RO,Unknown
http://84.239.14.164:9002,RO,Unknown
http://84.239.14.165:9002,RO,Unknown
http://84.239.14.166:9002,RO,Unknown
http://84.239.14.167:9002,RO,Unknown
http://84.239.14.168:9002,RO,Unknown
http://84.239.14.169:9002,RO,Unknown
http://84.239.14.170:9002,RO,Unknown
http://84.239.14.171:9002,RO,Unknown
http://84.239.14.172:9002,RO,Unknown
http://84.239.14.173:9002,RO,Unknown
http://84.239.14.174:9002,RO,Unknown
http://84.239.14.175:9002,RO,Unknown
http://192.73.244.36:443,US,Unknown
http://51.254.213.34:443,FR,Unknown
http://156.232.10.14:3128,SC,Unknown
http://133.242.203.223:443,JP,Unknown
http://62.138.18.91:443,FR,Unknown
http://102.130.125.86:443,ZA,Unknown
http://130.180.208.145:443,FR,Unknown
http://203.189.96.232:443,JP,Unknown
http://159.65.244.233:443,US,Unknown
http://20.205.138.223:443,HK,Unknown
http://156.146.59.49:9002,US,Unknown
http://84.239.49.154:9002,RO,Unknown
http://84.239.49.191:9002,RO,Unknown
http://84.239.49.238:9002,RO,Unknown
http://193.176.84.7:9002,RO,Unknown
http://156.146.59.41:9002,US,Unknown
http://84.239.49.180:9002,RO,Unknown
http://84.239.49.245:9002,RO,Unknown
http://84.239.49.55:9002,RO,Unknown
http://84.239.49.199:9002,RO,Unknown
http://138.199.35.207:9002,US,Unknown
http://84.239.49.242:9002,RO,Unknown
http://84.239.49.178:9002,RO,Unknown
http://193.176.84.36:9002,RO,Unknown
http://84.239.49.166:9002,RO,Unknown
http://138.199.35.220:9002,US,Unknown
http://84.239.49.243:9002,RO,Unknown
http://84.239.49.211:9002,RO,Unknown
http://84.239.49.170:9002,RO,Unknown
http://84.239.49.62:9002,RO,Unknown
http://193.176.84.3:9002,RO,Unknown
http://84.239.49.60:9002,RO,Unknown
http://151.115.78.51:443,PL,Unknown
http://84.239.49.219:9002,RO,Unknown
http://138.199.35.216:9002,US,Unknown
http://193.176.84.29:9002,RO,Unknown
http://193.176.84.8:9002,RO,Unknown
http://84.239.49.165:9002,RO,Unknown
http://84.239.49.230:9002,RO,Unknown
http://138.199.35.218:9002,US,Unknown
http://193.176.84.33:9002,RO,Unknown
http://138.199.35.202:9002,US,Unknown
http://84.239.49.162:9002,RO,Unknown
http://84.239.49.167:9002,RO,Unknown
http://84.239.49.163:9002,RO,Unknown
http://193.176.84.14:9002,RO,Unknown
http://84.239.49.224:9002,RO,Unknown
http://84.17.47.123:9002,ZZ,Unknown
http://84.239.49.188:9002,RO,Unknown
http://156.146.59.34:9002,US,Unknown
http://84.239.49.160:9002,RO,Unknown
http://156.146.59.22:9002,US,Unknown
http://156.146.59.27:9002,US,Unknown
http://84.239.49.214:9002,RO,Unknown
http://37.9.171.157:443,SK,Unknown
http://84.239.49.232:9002,RO,Unknown
http://84.239.49.233:9002,RO,Unknown
http://156.146.59.23:9002,US,Unknown
http://193.176.84.30:9002,RO,Unknown
http://84.239.49.175:9002,RO,Unknown
http://84.239.49.186:9002,RO,Unknown
http://156.146.59.39:9002,US,Unknown
http://84.239.49.172:9002,RO,Unknown
http://84.239.49.177:9002,RO,Unknown
http://84.239.49.173:9002,RO,Unknown
http://84.239.49.201:9002,RO,Unknown
http://156.146.59.25:9002,US,Unknown
http://156.146.59.31:9002,US,Unknown
http://84.239.49.61:9002,RO,Unknown
http://84.239.49.221:9002,RO,Unknown
http://84.239.49.235:9002,RO,Unknown
http://84.239.49.240:9002,RO,Unknown
http://84.239.49.194:9002,RO,Unknown
http://84.239.49.185:9002,RO,Unknown
http://193.176.84.6:9002,RO,Unknown
http://84.239.49.159:9002,RO,Unknown
http://84.239.49.59:9002,RO,Unknown
http://84.239.49.236:9002,RO,Unknown
http://156.146.59.44:9002,US,Unknown
http://193.176.84.4:9002,RO,Unknown
http://84.239.49.183:9002,RO,Unknown
http://84.239.49.168:9002,RO,Unknown
http://84.239.49.176:9002,RO,Unknown
http://193.176.84.38:9002,RO,Unknown
http://84.239.49.182:9002,RO,Unknown
http://138.199.35.219:9002,US,Unknown
http://84.239.49.187:9002,RO,Unknown
http://84.239.49.56:9002,RO,Unknown
http://84.239.49.202:9002,RO,Unknown
http://156.146.59.32:9002,US,Unknown
http://156.146.59.37:9002,US,Unknown
http://84.239.49.207:9002,RO,Unknown
http://84.239.49.227:9002,RO,Unknown
http://84.239.49.179:9002,RO,Unknown
http://84.239.49.222:9002,RO,Unknown
http://138.199.35.206:9002,US,Unknown
http://193.176.84.17:9002,RO,Unknown
http://193.176.84.13:9002,RO,Unknown
http://84.239.49.223:9002,RO,Unknown
http://84.239.49.210:9002,RO,Unknown
http://84.239.49.171:9002,RO,Unknown
http://156.146.59.33:9002,US,Unknown
http://138.199.35.211:9002,US,Unknown
http://84.239.49.203:9002,RO,Unknown
http://84.239.49.252:9002,RO,Unknown
http://156.146.59.48:9002,US,Unknown
http://84.239.49.239:9002,RO,Unknown
http://84.239.49.54:9002,RO,Unknown
http://84.239.49.156:9002,RO,Unknown
http://84.239.49.205:9002,RO,Unknown
http://156.146.59.21:9002,US,Unknown
http://156.146.59.35:9002,US,Unknown
http://84.239.49.198:9002,RO,Unknown
http://84.239.49.225:9002,RO,Unknown
http://84.239.49.155:9002,RO,Unknown
http://156.146.59.40:9002,US,Unknown
http://84.239.49.181:9002,RO,Unknown
http://84.239.49.226:9002,RO,Unknown
http://84.239.49.190:9002,RO,Unknown
http://156.146.59.36:9002,US,Unknown
http://84.239.49.206:9002,RO,Unknown
http://84.239.49.189:9002,RO,Unknown
http://84.239.49.53:9002,RO,Unknown
http://84.239.49.228:9002,RO,Unknown
http://138.199.35.209:9002,US,Unknown
http://193.176.84.26:9002,RO,Unknown
http://84.239.49.213:9002,RO,Unknown
http://84.239.49.234:9002,RO,Unknown
http://84.239.49.217:9002,RO,Unknown
http://47.88.35.91:3128,US,Unknown
http://13.80.134.180:443,ZZ,Unknown
http://51.83.190.248:443,FR,Unknown
http://79.139.61.227:443,HU,Unknown
http://149.126.16.38:443,RU,Unknown
http://13.66.206.110:443,US,Unknown
http://40.113.199.101:443,US,Unknown
http://52.184.228.103:443,US,Unknown
http://40.122.106.245:443,US,Unknown
http://13.77.70.244:443,US,Unknown
http://154.26.139.232:443,SG,Unknown
http://154.90.48.76:443,ID,Unknown
http://51.158.253.115:443,ZZ,Unknown
http://51.158.253.130:443,ZZ,Unknown
http://51.158.253.120:443,ZZ,Unknown
http://51.158.253.113:443,ZZ,Unknown
http://51.158.253.153:443,ZZ,Unknown
http://51.158.253.152:443,ZZ,Unknown
http://156.146.59.46:9002,US,Unknown
http://84.239.49.42:9002,RO,Unknown
http://156.146.59.42:9002,US,Unknown
http://84.239.49.57:9002,RO,Unknown
http://84.239.49.58:9002,RO,Unknown
http://84.239.49.158:9002,RO,Unknown
http://84.239.49.184:9002,RO,Unknown
http://84.239.49.192:9002,RO,Unknown
http://84.239.49.193:9002,RO,Unknown
http://84.239.49.196:9002,RO,Unknown
http://84.239.49.197:9002,RO,Unknown
http://84.239.49.208:9002,RO,Unknown
http://84.239.49.212:9002,RO,Unknown
http://84.239.49.215:9002,RO,Unknown
http://84.239.49.241:9002,RO,Unknown
http://156.146.59.24:9002,US,Unknown
http://156.146.59.30:9002,US,Unknown
http://156.146.59.38:9002,US,Unknown
http://156.146.59.43:9002,US,Unknown
http://156.146.59.45:9002,US,Unknown
http://156.146.59.47:9002,US,Unknown
http://51.158.252.252:443,ZZ,Unknown
http://51.158.253.114:443,ZZ,Unknown
http://51.158.252.160:443,ZZ,Unknown
http://51.158.253.128:443,ZZ,Unknown
http://165.231.141.138:9443,EE,Unknown
http://165.231.253.210:9443,IN,Unknown
http://51.158.253.154:443,ZZ,Unknown
http://167.99.236.14:443,US,Unknown
http://51.158.253.45:443,ZZ,Unknown
http://51.158.253.77:443,ZZ,Unknown
http://51.158.253.78:443,ZZ,Unknown
http://138.199.35.210:9002,US,Unknown
http://128.199.195.19:8888,SG,Unknown
http://193.36.118.210:443,GB,Unknown
http://104.129.194.43:11263,US,Unknown
http://47.243.181.85:41419,JP,Unknown
http://148.233.136.213:443,MX,Unknown
http://54.37.72.89:443,DE,Unknown
http://152.230.215.123:443,CL,Unknown
http://104.129.194.43:11677,US,Unknown
http://104.129.194.44:11677,US,Unknown
http://103.241.129.1:8443,JP,Unknown
http://103.241.129.2:8443,JP,Unknown
http://103.241.129.6:8443,JP,Unknown
http://103.241.129.7:8443,JP,Unknown
http://103.241.129.8:8443,JP,Unknown
http://103.241.129.9:8443,JP,Unknown
http://103.241.129.10:8443,JP,Unknown
http://103.241.129.12:8443,JP,Unknown
http://103.241.129.19:8443,JP,Unknown
http://103.241.129.21:8443,JP,Unknown
http://103.241.129.27:8443,JP,Unknown
http://103.241.129.30:8443,JP,Unknown
http://103.241.129.190:8443,JP,Unknown
http://103.241.129.191:8443,JP,Unknown
http://103.241.129.196:8443,JP,Unknown
http://103.241.129.220:8443,JP,Unknown
http://103.241.129.237:8443,JP,Unknown
http://103.241.129.252:8443,JP,Unknown
http://103.241.129.254:8443,JP,Unknown
http://103.241.130.0:8443,JP,Unknown
http://103.241.130.4:8443,JP,Unknown
http://103.241.130.5:8443,JP,Unknown
http://103.241.130.7:8443,JP,Unknown
http://103.241.129.11:8443,JP,Unknown
http://103.241.129.176:8443,JP,Unknown
http://103.241.129.178:8443,JP,Unknown
http://103.241.129.179:8443,JP,Unknown
http://103.241.129.194:8443,JP,Unknown
http://103.241.129.197:8443,JP,Unknown
http://103.241.129.198:8443,JP,Unknown
http://103.241.129.201:8443,JP,Unknown
http://103.241.129.202:8443,JP,Unknown
http://103.241.129.203:8443,JP,Unknown
http://103.241.129.207:8443,JP,Unknown
http://103.241.129.215:8443,JP,Unknown
http://103.241.129.224:8443,JP,Unknown
http://103.241.129.248:8443,JP,Unknown
http://103.241.129.250:8443,JP,Unknown
http://103.241.129.210:8443,JP,Unknown
http://103.241.129.212:8443,JP,Unknown
http://103.241.129.216:8443,JP,Unknown
http://103.37.111.253:10087,JP,Unknown
http://123.31.29.158:443,VN,Unknown
http://104.129.194.43:11726,US,Unknown
http://104.129.194.45:11065,US,Unknown
http://104.129.194.44:11273,US,Unknown
http://104.129.194.44:11703,US,Unknown
http://212.58.132.189:8443,US,Unknown
http://212.58.132.188:8443,US,Unknown
http://104.129.194.44:11719,US,Unknown
http://104.129.194.43:11500,US,Unknown
http://85.215.50.161:443,DE,Unknown
http://64.181.235.123:3128,US,Unknown
http://65.109.40.163:8443,FI,Unknown
http://23.106.56.43:19881,GB,Unknown
http://167.235.198.62:443,DE,Unknown
http://181.215.52.16:9443,US,Unknown
http://51.161.79.152:8888,CA,Unknown
http://1.234.23.159:443,KR,Unknown
http://165.231.141.138:443,EE,Unknown
http://196.1.93.16:443,SN,Unknown
http://162.19.49.131:443,FR,Unknown
http://94.23.9.170:443,FR,Unknown
http://51.159.225.129:8118,ZZ,Unknown
http://187.217.194.178:443,MX,Unknown
http://187.217.194.178:86,MX,Unknown
http://87.255.196.143:443,KZ,Unknown
http://165.231.141.130:443,EE,Unknown
http://186.65.109.21:443,AR,Unknown
http://212.83.168.126:8081,FR,Unknown
http://51.159.226.157:443,ZZ,Unknown
http://51.159.226.159:443,ZZ,Unknown
http://51.159.226.153:443,ZZ,Unknown
http://51.159.226.154:443,ZZ,Unknown
http://51.159.226.151:443,ZZ,Unknown
http://51.159.226.150:443,ZZ,Unknown
http://51.159.226.155:443,ZZ,Unknown
http://51.159.226.149:443,ZZ,Unknown
http://51.159.226.156:443,ZZ,Unknown
http://51.159.226.162:443,ZZ,Unknown
http://51.159.226.128:443,ZZ,Unknown
http://51.159.226.160:443,ZZ,Unknown
http://51.159.226.158:443,ZZ,Unknown
http://51.159.226.161:443,ZZ,Unknown
http://51.159.226.152:443,ZZ,Unknown
http://165.225.72.38:11716,DE,Unknown
http://165.225.72.38:11657,DE,Unknown
http://51.158.202.56:443,ZZ,Unknown
http://51.159.226.129:443,ZZ,Unknown
http://51.158.253.130:14991,ZZ,Unknown
http://51.159.225.194:23767,ZZ,Unknown
http://51.158.204.131:23767,ZZ,Unknown
http://174.138.54.65:443,US,Unknown
http://195.231.69.203:443,IT,Unknown
http://51.158.253.45:7901,ZZ,Unknown
http://47.242.121.18:8443,HK,Unknown
http://51.158.253.115:17401,ZZ,Unknown
http://165.231.253.210:443,IN,Unknown
http://221.226.31.154:8888,CN,Unknown
http://43.135.36.240:443,HK,Unknown
http://23.94.251.185:3128,US,Unknown
http://47.240.86.21:3128,HK,Unknown
http://51.159.226.154:17401,ZZ,Unknown
http://47.241.70.64:8888,SG,Unknown
http://185.53.129.141:9090,ZZ,Unknown
http://51.158.202.102:8118,ZZ,Unknown
http://51.159.225.202:8118,ZZ,Unknown
http://51.159.226.149:7081,ZZ,Unknown
http://51.158.252.3:443,ZZ,Unknown
http://51.159.226.159:10243,ZZ,Unknown
http://23.106.249.34:21125,SG,Unknown
http://51.158.252.160:10074,ZZ,Unknown
http://51.158.253.152:10243,ZZ,Unknown
http://51.159.226.151:10074,ZZ,Unknown
http://23.106.56.19:7579,GB,Unknown
http://51.159.226.159:5094,ZZ,Unknown
http://51.159.226.128:15846,ZZ,Unknown
http://51.158.252.50:15846,ZZ,Unknown
http://23.106.56.11:7714,GB,Unknown
http://154.26.182.140:3128,US,Unknown
http://23.106.56.35:16927,GB,Unknown
http://188.226.195.20:8881,ZZ,Unknown
http://103.210.22.17:3129,SG,Unknown
http://62.171.146.164:443,DE,Unknown
http://23.106.249.54:6550,SG,Unknown
http://51.159.225.196:23856,ZZ,Unknown
http://107.152.33.202:8888,US,Unknown
http://66.135.16.53:443,US,Unknown
http://23.106.56.52:15767,GB,Unknown
http://51.159.225.197:19362,ZZ,Unknown
http://103.37.111.253:10088,JP,Unknown
http://104.129.194.43:11654,US,Unknown
http://51.158.204.131:3004,ZZ,Unknown
http://151.115.98.4:443,PL,Unknown
http://51.159.226.153:7901,ZZ,Unknown
http://23.106.56.54:6157,GB,Unknown
http://51.158.252.149:16684,ZZ,Unknown
http://51.159.226.126:16684,ZZ,Unknown
http://109.123.219.11:8689,CZ,Unknown
http://51.158.253.45:5299,ZZ,Unknown
http://51.158.204.46:21384,ZZ,Unknown
http://51.159.226.161:19030,ZZ,Unknown
http://51.159.226.156:10472,ZZ,Unknown
http://209.13.186.20:443,AR,Unknown
http://51.158.253.152:5698,ZZ,Unknown
http://51.159.226.159:5698,ZZ,Unknown
http://51.159.226.126:443,ZZ,Unknown
http://205.185.125.136:8888,US,Unknown
http://193.176.84.18:9002,RO,Unknown
http://193.176.84.5:9002,RO,Unknown
http://193.176.84.25:9002,RO,Unknown
http://193.176.84.27:9002,RO,Unknown
http://193.176.84.31:9002,RO,Unknown
http://151.115.98.9:443,PL,Unknown
http://102.209.56.21:443,KE,Unknown
http://23.106.249.52:2569,SG,Unknown
http://205.178.186.247:8443,US,Unknown
http://165.225.113.220:11712,SG,Unknown
http://151.115.98.6:443,PL,Unknown
http://94.156.112.198:3129,DE,Unknown
http://104.129.194.38:11737,US,Unknown
http://151.115.98.198:443,PL,Unknown
http://5.189.184.6:443,FR,Unknown
http://108.181.18.175:4001,US,Unknown
http://173.249.37.45:5006,FR,Unknown
http://205.178.186.15:8447,US,Unknown
http://47.243.181.85:41713,US,Unknown
http://151.115.98.120:443,PL,Unknown
http://47.243.181.85:8080,HK,Unknown
http://165.225.113.220:11749,SG,Unknown
http://51.159.28.39:443,FR,Unknown
http://165.225.113.220:11725,SG,Unknown
http://151.115.98.141:443,PL,Unknown
http://47.243.181.85:41693,US,Unknown
http://103.37.111.253:10091,JP,Unknown
http://196.1.93.10:443,SN,Unknown
http://151.115.98.201:443,PL,Unknown
http://151.115.98.213:443,PL,Unknown
http://47.243.181.85:41716,US,Unknown
http://151.115.98.36:443,PL,Unknown
http://95.66.244.250:443,RU,Unknown
http://84.17.50.129:9443,GB,Unknown
http://23.224.189.161:3129,US,Unknown
http://80.149.142.142:443,DE,Unknown
http://47.243.181.85:41688,US,Unknown
http://109.123.219.11:8686,CZ,Unknown
http://205.178.137.50:8443,US,Unknown
http://151.115.98.203:443,PL,Unknown
http://51.159.226.148:443,ZZ,Unknown
http://151.115.98.8:443,PL,Unknown
http://95.164.1.87:443,RU,Unknown
http://94.16.116.86:8448,DE,Unknown
http://51.159.226.125:443,ZZ,Unknown
http://47.243.181.85:41698,US,Unknown
http://165.225.72.150:10228,DE,Unknown
http://151.115.99.132:443,PL,Unknown
http://151.115.98.18:443,PL,Unknown
http://151.115.98.7:443,PL,Unknown
http://51.158.202.56:14287,ZZ,Unknown
http://118.141.251.64:443,HK,Unknown
http://51.158.194.107:14287,ZZ,Unknown
http://51.158.194.16:14287,ZZ,Unknown
http://45.12.132.12:8081,CY,Unknown
http://45.12.136.164:8081,CY,Unknown
http://5.182.37.132:8081,RU,Unknown
http://5.182.39.182:8081,RU,Unknown
http://89.111.26.157:443,LV,Unknown
http://51.159.226.163:443,ZZ,Unknown
http://205.178.137.163:8447,US,Unknown
http://165.225.72.38:11011,DE,Unknown
http://136.226.232.13:11434,IN,Unknown
http://165.225.72.149:11741,DE,Unknown
http://89.111.26.249:443,LV,Unknown
http://165.225.72.149:11712,DE,Unknown
http://165.225.72.150:11657,DE,Unknown
http://151.115.98.205:443,PL,Unknown
http://47.83.227.219:8888,HK,Unknown
http://89.111.26.152:443,LV,Unknown
http://82.115.60.66:443,KZ,Unknown
http://89.111.26.123:443,LV,Unknown
http://205.178.137.219:8443,US,Unknown
http://89.111.28.77:443,LV,Unknown
http://205.178.137.235:8443,US,Unknown
http://205.178.186.31:8443,US,Unknown
http://165.225.124.34:10230,IN,Unknown
http://89.111.26.242:443,LV,Unknown
http://205.178.137.233:8447,US,Unknown
http://37.120.213.194:9443,CH,Unknown
http://37.120.233.34:9443,GB,Unknown
http://205.178.137.87:8447,US,Unknown
http://205.178.144.89:8447,US,Unknown
http://205.178.186.237:8443,US,Unknown
http://205.178.136.191:8447,US,Unknown
http://89.111.26.246:443,LV,Unknown
http://89.111.26.150:443,LV,Unknown
http://89.111.26.243:443,LV,Unknown
http://89.111.26.218:443,LV,Unknown
http://206.188.208.101:8443,US,Unknown
http://205.178.186.217:8443,US,Unknown
http://205.178.136.199:8447,US,Unknown
http://205.178.186.174:8443,US,Unknown
http://205.178.137.158:8443,US,Unknown
http://165.225.113.220:11715,SG,Unknown
http://205.178.144.157:8443,US,Unknown
http://134.65.238.25:3128,BR,Unknown
http://47.243.181.85:41804,BR,Unknown
http://47.243.181.85:41410,JP,Unknown
http://47.243.181.85:55011,TW,Unknown
http://205.178.136.100:8443,US,Unknown
http://206.188.209.206:8447,US,Unknown
http://205.178.137.163:8443,US,Unknown
http://206.188.209.91:8447,US,Unknown
http://47.243.181.85:55008,TW,Unknown
http://47.243.181.85:41397,JP,Unknown
http://89.111.26.250:443,LV,Unknown
http://206.188.209.180:8443,US,Unknown
http://206.188.208.148:8447,US,Unknown
http://205.178.186.134:8447,US,Unknown