socks5://203.25.208.163:1145,CN,Unknown
http://180.166.128.182:24001,CN,Unknown
http://203.19.38.114:1080,CN,Unknown
http://39.185.41.193:5911,CN,Unknown
http://125.91.116.227:7897,CN,Unknown
http://218.89.134.230:3333,CN,Unknown
http://182.138.104.91:80,CN,Unknown
http://103.213.97.78:80,CN,Unknown
http://120.92.212.16:8890,CN,
http://218.77.183.214:5224,CN,
http://58.216.109.18:800,CN,
http://58.216.109.17:800,CN,
http://36.110.143.55:8080,CN,
http://113.108.13.120:8083,CN,
http://218.75.224.4:3309,CN,
http://120.92.212.16:7890,CN,
http://113.120.193.31:8088,CN,
http://111.3.102.207:30001,CN,Jiaxing
http://58.241.88.18:800,CN,
http://221.231.13.198:1080,CN,
http://58.216.109.14:800,CN,
socks5://203.25.208.163:1111,CN,